"","open","high","low","close","adj_close","volume"
"open",1,0.999042657865953,0.998626199869174,0.997591894926021,0.997591894926021,-0.0880021551578885
"high",0.999042657865953,1,0.998197516264623,0.998681800920781,0.998681800920781,-0.0733880602101221
"low",0.998626199869174,0.998197516264623,1,0.998838884115814,0.998838884115814,-0.115076892586045
"close",0.997591894926021,0.998681800920781,0.998838884115814,1,1,-0.0967659250168776
"adj_close",0.997591894926021,0.998681800920781,0.998838884115814,1,1,-0.0967659250168776
"volume",-0.0880021551578885,-0.0733880602101221,-0.115076892586045,-0.0967659250168776,-0.0967659250168776,1
